https://www.zapimoveis.com.br/venda/imoveis/sp+sao-paulo+zona-norte+pirituba,3345
https://www.zapimoveis.com.br/venda/imoveis/sp+sao-paulo+zona-norte+freguesia-do-o,4809
https://www.zapimoveis.com.br/venda/imoveis/sp+sao-paulo+zona-norte+pirituba,3345
https://www.zapimoveis.com.br/venda/imoveis/sp+sao-paulo+zona-norte+freguesia-do-o,4783
https://www.zapimoveis.com.br/venda/imoveis/sp+sao-paulo+zona-norte+pirituba,3345
https://www.zapimoveis.com.br/venda/imoveis/sp+sao-paulo+zona-norte+freguesia-do-o,4809
https://www.zapimoveis.com.br/venda/imoveis/sp+sao-paulo+zona-norte+jaragua,1592
https://www.zapimoveis.com.br/venda/imoveis/sp+sao-paulo+zona-norte+brasilandia,605
https://www.zapimoveis.com.br/venda/imoveis/sp+sao-paulo+zona-norte+vl-guilherme,3320
https://www.zapimoveis.com.br/venda/imoveis/sp+sao-paulo+zona-norte+vl-maria,3838
https://www.zapimoveis.com.br/venda/imoveis/sp+sao-paulo+zona-norte+vl-medeiros,1560
https://www.zapimoveis.com.br/venda/imoveis/sp+sao-paulo+zona-norte+casa-verde,4130
https://www.zapimoveis.com.br/venda/imoveis/sp+sao-paulo+zona-norte+cachoeirinha,Oops.
https://www.zapimoveis.com.br/venda/imoveis/sp+sao-paulo+zona-norte+limao,2976
https://www.zapimoveis.com.br/venda/imoveis/sp+sao-paulo+zona-norte+jacana,1262
https://www.zapimoveis.com.br/venda/imoveis/sp+sao-paulo+zona-norte+tremembe,3652
https://www.zapimoveis.com.br/venda/imoveis/sp+sao-paulo+zona-norte+mandaqui,3008
https://www.zapimoveis.com.br/venda/imoveis/sp+sao-paulo+zona-norte+santana,14638
https://www.zapimoveis.com.br/venda/imoveis/sp+sao-paulo+zona-norte+tucuruvi,6223
https://www.zapimoveis.com.br/venda/imoveis/sp+sao-paulo+zona-norte+anhanguera,39
https://www.zapimoveis.com.br/venda/imoveis/sp+sao-paulo+zona-sul+campo-limpo,882
https://www.zapimoveis.com.br/venda/imoveis/sp+sao-paulo+zona-sul+capao-redondo,333
https://www.zapimoveis.com.br/venda/imoveis/sp+sao-paulo+zona-sul+vl-andrade,9694
https://www.zapimoveis.com.br/venda/imoveis/sp+sao-paulo+zona-sul+jd-angela,Oops.
https://www.zapimoveis.com.br/venda/imoveis/sp+sao-paulo+zona-sul+jd-sao-luis,Oops.
https://www.zapimoveis.com.br/venda/imoveis/sp+sao-paulo+zona-sul+socorro,1028
https://www.zapimoveis.com.br/venda/imoveis/sp+sao-paulo+zona-sul+cidade-dutra,Oops.
https://www.zapimoveis.com.br/venda/imoveis/sp+sao-paulo+zona-sul+grajau,153
https://www.zapimoveis.com.br/venda/imoveis/sp+sao-paulo+zona-sul+marsilac,12
https://www.zapimoveis.com.br/venda/imoveis/sp+sao-paulo+zona-sul+parelheiros,107
https://www.zapimoveis.com.br/venda/imoveis/sp+sao-paulo+zona-sul+santo-amaro,Oops.
https://www.zapimoveis.com.br/venda/imoveis/sp+sao-paulo+zona-sul+campo-grande,2419
https://www.zapimoveis.com.br/venda/imoveis/sp+sao-paulo+zona-sul+campo-belo,19003
https://www.zapimoveis.com.br/venda/imoveis/sp+sao-paulo+zona-sul+jabaquara,3516
https://www.zapimoveis.com.br/venda/imoveis/sp+sao-paulo+zona-sul+sacoma,2412
https://www.zapimoveis.com.br/venda/imoveis/sp+sao-paulo+zona-sul+cursino,635
https://www.zapimoveis.com.br/venda/imoveis/sp+sao-paulo+zona-sul+ipiranga,12452
https://www.zapimoveis.com.br/venda/imoveis/sp+sao-paulo+zona-sul+moema,30032
https://www.zapimoveis.com.br/venda/imoveis/sp+sao-paulo+zona-sul+saude,11503
https://www.zapimoveis.com.br/venda/imoveis/sp+sao-paulo+zona-sul+vl-mariana,25319
https://www.zapimoveis.com.br/venda/imoveis/sp+sao-paulo+zona-sul+pedreira,382
https://www.zapimoveis.com.br/venda/imoveis/sp+sao-paulo+zona-sul+cidade-ademar,Oops.
https://www.zapimoveis.com.br/venda/imoveis/sp+sao-paulo+zona-leste+artur-alvim,819
https://www.zapimoveis.com.br/venda/imoveis/sp+sao-paulo+zona-leste+penha,4737
https://www.zapimoveis.com.br/venda/imoveis/sp+sao-paulo+zona-leste+cangaiba,1172
https://www.zapimoveis.com.br/venda/imoveis/sp+sao-paulo+zona-leste+vl-matilde,3245
https://www.zapimoveis.com.br/venda/imoveis/sp+sao-paulo+zona-leste+ponte-rasa,Oops.
https://www.zapimoveis.com.br/venda/imoveis/sp+sao-paulo+zona-leste+ermelino-matarazzo,402
https://www.zapimoveis.com.br/venda/imoveis/sp+sao-paulo+zona-leste+vl-curuca,338
https://www.zapimoveis.com.br/venda/imoveis/sp+sao-paulo+zona-leste+itaim-paulista,331
https://www.zapimoveis.com.br/venda/imoveis/sp+sao-paulo+zona-leste+guaianases,603
https://www.zapimoveis.com.br/venda/imoveis/sp+sao-paulo+zona-leste+lajeado,131
https://www.zapimoveis.com.br/venda/imoveis/sp+sao-paulo+zona-leste+mooca,16055
https://www.zapimoveis.com.br/venda/imoveis/sp+sao-paulo+zona-leste+pari,Oops.
https://www.zapimoveis.com.br/venda/imoveis/sp+sao-paulo+zona-leste+tatuape,16760
https://www.zapimoveis.com.br/venda/imoveis/sp+sao-paulo+zona-leste+agua-rasa,1294
